,Mean,StdErr,T-Stat,P-Stat,Sig
Constant,0.015235183614666453,0.02049163846086203,2.557301459260224,0.010774996772719841,5%
LogSize_-1,-0.00044487722861524,0.003985663821659762,-0.41393593065647066,0.6790577859435318,NotSig
LogB/M_-1,0.004608788053950632,0.007494545389151568,4.832850606949197,1.681521434082593e-06,1%
"Return_-2,-12",0.012226896572059267,0.015671697367453854,2.759603625403331,0.005950427487254663,1%
"LogIssues_-1,-36",-0.005636422911702904,0.01380201353718038,-1.5970593384156122,0.11073923740208216,NotSig
Accruals_Yr-1,-4.2945476025413945e-06,6.656240935285641e-05,-0.29394767026449065,0.7688918727999479,NotSig
ROA_Yr-1,-0.00024020198237203403,0.08572571694312062,-0.012983179243614765,0.9896452027161715,NotSig
LogAG_Yr-1,-0.003767465107112694,0.027170560857380913,-0.9116341177492653,0.3622998414597248,NotSig
